                  epoch,         train/box_loss,         train/cls_loss,         train/dfl_loss,   metrics/precision(B),      metrics/recall(B),       metrics/mAP50(B),    metrics/mAP50-95(B),           val/box_loss,           val/cls_loss,           val/dfl_loss,                 lr/pg0,                 lr/pg1,                 lr/pg2
                      1,                  3.158,                 4.0419,                 4.1293,                0.00349,                0.70238,                0.02762,                0.00927,                 2.6927,                 4.1677,                  4.236,             0.00041223,             0.00041223,             0.00041223
                      2,                 2.9617,                 3.6559,                 3.5826,                0.29658,                0.15453,                0.04427,                0.01344,                 2.7617,                 10.982,                 3.5445,             0.00066478,             0.00066478,             0.00066478
                      3,                 2.6013,                 3.3441,                  3.171,                 0.2845,                0.42106,                0.22142,                 0.0817,                 2.1148,                 3.4464,                  2.957,             0.00075232,             0.00075232,             0.00075232
                      4,                 2.2941,                 3.1108,                 2.8489,                0.35739,                0.33397,                0.26888,                0.11603,                 1.9637,                 3.0277,                 2.7322,              0.0005075,              0.0005075,              0.0005075
                      5,                 2.0922,                 2.9178,                 2.6795,                0.18882,                 0.4446,                0.23166,                0.09919,                 1.7967,                 3.1896,                 2.5273,              0.0005075,              0.0005075,              0.0005075
